workgroup,workgroup_id,meeting_name,meeting_date,host,documenter,people_present,agenda,status,town_hall_updates,town_hall_summary,narrative,game_rules,leaderboard,meeting_topics,issues,action_items,decision_items,discussion_points,learning_points,tags,type
,3478946e-a143-457a-8ff4-446b731e17e9,,,,,,,,,,,,,,,,,,,,
,3478946e-a143-457a-8ff4-446b731e17e9,,,,,,,,,,,,,,,,,,,,
,96f6ef88-5285-4ec6-8fe4-f2ab0347be00,,,,,,,,,,,,,,,,,,,,
,30e3c903-eb5a-42bb-9a01-8c5223415ae0,,,,,,,,,,,,,,,,,,,,
,01b6fd90-2cef-4474-b0a7-4e0eece2c2ad,,,,,,,,,,,,,,,,,,,,
,3478946e-a143-457a-8ff4-446b731e17e9,,,,,,,,,,,,,,,,,,,,
,aa802331-6011-429e-8f20-3a8f8bf3392c,,,,,,,,,,,,,,,,,,,,
,208afbe1-7830-4409-9c74-1f05171ebe01,,,,,,,,,,,,,,,,,,,,
,5ba6b88f-3a26-4a9f-8318-7bd814b0f005,,,,,,,,,,,,,,,,,,,,
,cce85f76-c46d-44db-9605-aa55e28c8356,,,,,,,,,,,,,,,,,,,,
,208afbe1-7830-4409-9c74-1f05171ebe01,,,,,,,,,,,,,,,,,,,,
,cce85f76-c46d-44db-9605-aa55e28c8356,,,,,,,,,,,,,,,,,,,,
,208afbe1-7830-4409-9c74-1f05171ebe01,,,,,,,,,,,,,,,,,,,,
,30e3c903-eb5a-42bb-9a01-8c5223415ae0,,,,,,,,,,,,,,,,,,,,
,aa802331-6011-429e-8f20-3a8f8bf3392c,,,,,,,,,,,,,,,,,,,,
,481edee0-90b3-4a78-8746-1b6e1c9e37de,,,,,,,,,,,,,,,,,,,,
,01b6fd90-2cef-4474-b0a7-4e0eece2c2ad,,,,,,,,,,,,,,,,,,,,
,5ba6b88f-3a26-4a9f-8318-7bd814b0f005,,,,,,,,,,,,,,,,,,,,
,3478946e-a143-457a-8ff4-446b731e17e9,,,,,,,,,,,,,,,,,,,,
,208afbe1-7830-4409-9c74-1f05171ebe01,,,,,,,,,,,,,,,,,,,,
,481edee0-90b3-4a78-8746-1b6e1c9e37de,,,,,,,,,,,,,,,,,,,,
,30e3c903-eb5a-42bb-9a01-8c5223415ae0,,,,,,,,,,,,,,,,,,,,
,208afbe1-7830-4409-9c74-1f05171ebe01,,,,,,,,,,,,,,,,,,,,
,30e3c903-eb5a-42bb-9a01-8c5223415ae0,,,,,,,,,,,,,,,,,,,,
,05ddaaf0-1dde-4d84-a722-f82c8479a8e9,,,,,,,,,,,,,,,,,,,,
,aa802331-6011-429e-8f20-3a8f8bf3392c,,,,,,,,,,,,,,,,,,,,
,30e3c903-eb5a-42bb-9a01-8c5223415ae0,,,,,,,,,,,,,,,,,,,,
,3478946e-a143-457a-8ff4-446b731e17e9,,,,,,,,,,,,,,,,,,,,
,30e3c903-eb5a-42bb-9a01-8c5223415ae0,,,,,,,,,,,,,,,,,,,,
,05ddaaf0-1dde-4d84-a722-f82c8479a8e9,,,,,,,,,,,,,,,,,,,,
,72ce0bc0-276e-4cde-bfb9-cdabc5ed953e,,,,,,,,,,,,,,,,,,,,
,30e3c903-eb5a-42bb-9a01-8c5223415ae0,,,,,,,,,,,,,,,,,,,,
,208afbe1-7830-4409-9c74-1f05171ebe01,,,,,,,,,,,,,,,,,,,,
,aa802331-6011-429e-8f20-3a8f8bf3392c,,,,,,,,,,,,,,,,,,,,
,96f6ef88-5285-4ec6-8fe4-f2ab0347be00,,,,,,,,,,,,,,,,,,,,
,aa802331-6011-429e-8f20-3a8f8bf3392c,,,,,,,,,,,,,,,,,,,,
,01b6fd90-2cef-4474-b0a7-4e0eece2c2ad,,,,,,,,,,,,,,,,,,,,
,cce85f76-c46d-44db-9605-aa55e28c8356,,,,,,,,,,,,,,,,,,,,
,72ce0bc0-276e-4cde-bfb9-cdabc5ed953e,,,,,,,,,,,,,,,,,,,,
,aa802331-6011-429e-8f20-3a8f8bf3392c,,,,,,,,,,,,,,,,,,,,
,aa802331-6011-429e-8f20-3a8f8bf3392c,,,,,,,,,,,,,,,,,,,,
,72ce0bc0-276e-4cde-bfb9-cdabc5ed953e,,,,,,,,,,,,,,,,,,,,
,96f6ef88-5285-4ec6-8fe4-f2ab0347be00,,,,,,,,,,,,,,,,,,,,
,8b17683b-a30f-4ecc-ad72-69fee9567bf0,,,,,,,,,,,,,,,,,,,,
,481edee0-90b3-4a78-8746-1b6e1c9e37de,,,,,,,,,,,,,,,,,,,,
,3506256d-ae6f-4147-a2fb-a4a76ebac109,,,,,,,,,,,,,,,,,,,,
,208afbe1-7830-4409-9c74-1f05171ebe01,,,,,,,,,,,,,,,,,,,,
,208afbe1-7830-4409-9c74-1f05171ebe01,,,,,,,,,,,,,,,,,,,,
,3478946e-a143-457a-8ff4-446b731e17e9,,,,,,,,,,,,,,,,,,,,
,72ce0bc0-276e-4cde-bfb9-cdabc5ed953e,,,,,,,,,,,,,,,,,,,,
,cce85f76-c46d-44db-9605-aa55e28c8356,,,,,,,,,,,,,,,,,,,,
,cce85f76-c46d-44db-9605-aa55e28c8356,,,,,,,,,,,,,,,,,,,,
,3506256d-ae6f-4147-a2fb-a4a76ebac109,,,,,,,,,,,,,,,,,,,,
,72ce0bc0-276e-4cde-bfb9-cdabc5ed953e,,,,,,,,,,,,,,,,,,,,
,5ba6b88f-3a26-4a9f-8318-7bd814b0f005,,,,,,,,,,,,,,,,,,,,
,3506256d-ae6f-4147-a2fb-a4a76ebac109,,,,,,,,,,,,,,,,,,,,
,208afbe1-7830-4409-9c74-1f05171ebe01,,,,,,,,,,,,,,,,,,,,
,3478946e-a143-457a-8ff4-446b731e17e9,,,,,,,,,,,,,,,,,,,,
,cce85f76-c46d-44db-9605-aa55e28c8356,,,,,,,,,,,,,,,,,,,,
,96f6ef88-5285-4ec6-8fe4-f2ab0347be00,,,,,,,,,,,,,,,,,,,,
,cce85f76-c46d-44db-9605-aa55e28c8356,,,,,,,,,,,,,,,,,,,,
,72ce0bc0-276e-4cde-bfb9-cdabc5ed953e,,,,,,,,,,,,,,,,,,,,
,3478946e-a143-457a-8ff4-446b731e17e9,,,,,,,,,,,,,,,,,,,,
,5ba6b88f-3a26-4a9f-8318-7bd814b0f005,,,,,,,,,,,,,,,,,,,,
,30e3c903-eb5a-42bb-9a01-8c5223415ae0,,,,,,,,,,,,,,,,,,,,
,3478946e-a143-457a-8ff4-446b731e17e9,,,,,,,,,,,,,,,,,,,,
,30e3c903-eb5a-42bb-9a01-8c5223415ae0,,,,,,,,,,,,,,,,,,,,
,5ba6b88f-3a26-4a9f-8318-7bd814b0f005,,,,,,,,,,,,,,,,,,,,
,72ce0bc0-276e-4cde-bfb9-cdabc5ed953e,,,,,,,,,,,,,,,,,,,,
,208afbe1-7830-4409-9c74-1f05171ebe01,,,,,,,,,,,,,,,,,,,,
,3478946e-a143-457a-8ff4-446b731e17e9,,,,,,,,,,,,,,,,,,,,
,05ddaaf0-1dde-4d84-a722-f82c8479a8e9,,,,,,,,,,,,,,,,,,,,
,3506256d-ae6f-4147-a2fb-a4a76ebac109,,,,,,,,,,,,,,,,,,,,
,208afbe1-7830-4409-9c74-1f05171ebe01,,,,,,,,,,,,,,,,,,,,
,01b6fd90-2cef-4474-b0a7-4e0eece2c2ad,,,,,,,,,,,,,,,,,,,,
,30e3c903-eb5a-42bb-9a01-8c5223415ae0,,,,,,,,,,,,,,,,,,,,
,05ddaaf0-1dde-4d84-a722-f82c8479a8e9,,,,,,,,,,,,,,,,,,,,
,8b17683b-a30f-4ecc-ad72-69fee9567bf0,,,,,,,,,,,,,,,,,,,,
,208afbe1-7830-4409-9c74-1f05171ebe01,,,,,,,,,,,,,,,,,,,,
,3506256d-ae6f-4147-a2fb-a4a76ebac109,,,,,,,,,,,,,,,,,,,,
,3506256d-ae6f-4147-a2fb-a4a76ebac109,,,,,,,,,,,,,,,,,,,,
,3506256d-ae6f-4147-a2fb-a4a76ebac109,,,,,,,,,,,,,,,,,,,,
,cce85f76-c46d-44db-9605-aa55e28c8356,,,,,,,,,,,,,,,,,,,,
,30e3c903-eb5a-42bb-9a01-8c5223415ae0,,,,,,,,,,,,,,,,,,,,
,30e3c903-eb5a-42bb-9a01-8c5223415ae0,,,,,,,,,,,,,,,,,,,,
,01b6fd90-2cef-4474-b0a7-4e0eece2c2ad,,,,,,,,,,,,,,,,,,,,
,cce85f76-c46d-44db-9605-aa55e28c8356,,,,,,,,,,,,,,,,,,,,
,30e3c903-eb5a-42bb-9a01-8c5223415ae0,,,,,,,,,,,,,,,,,,,,
,3478946e-a143-457a-8ff4-446b731e17e9,,,,,,,,,,,,,,,,,,,,
,8b17683b-a30f-4ecc-ad72-69fee9567bf0,,,,,,,,,,,,,,,,,,,,
,208afbe1-7830-4409-9c74-1f05171ebe01,,,,,,,,,,,,,,,,,,,,
,208afbe1-7830-4409-9c74-1f05171ebe01,,,,,,,,,,,,,,,,,,,,
,cce85f76-c46d-44db-9605-aa55e28c8356,,,,,,,,,,,,,,,,,,,,
,05ddaaf0-1dde-4d84-a722-f82c8479a8e9,,,,,,,,,,,,,,,,,,,,
,3506256d-ae6f-4147-a2fb-a4a76ebac109,,,,,,,,,,,,,,,,,,,,
,3478946e-a143-457a-8ff4-446b731e17e9,,,,,,,,,,,,,,,,,,,,
,05ddaaf0-1dde-4d84-a722-f82c8479a8e9,,,,,,,,,,,,,,,,,,,,
,208afbe1-7830-4409-9c74-1f05171ebe01,,,,,,,,,,,,,,,,,,,,
,aa802331-6011-429e-8f20-3a8f8bf3392c,,,,,,,,,,,,,,,,,,,,
,bcfadc9a-79d3-4ac0-816a-6b3405fd4009,,,,,,,,,,,,,,,,,,,,
,8b17683b-a30f-4ecc-ad72-69fee9567bf0,,,,,,,,,,,,,,,,,,,,
,208afbe1-7830-4409-9c74-1f05171ebe01,,,,,,,,,,,,,,,,,,,,
,30e3c903-eb5a-42bb-9a01-8c5223415ae0,,,,,,,,,,,,,,,,,,,,
,3478946e-a143-457a-8ff4-446b731e17e9,,,,,,,,,,,,,,,,,,,,
,5ba6b88f-3a26-4a9f-8318-7bd814b0f005,,,,,,,,,,,,,,,,,,,,
,208afbe1-7830-4409-9c74-1f05171ebe01,,,,,,,,,,,,,,,,,,,,
,30e3c903-eb5a-42bb-9a01-8c5223415ae0,,,,,,,,,,,,,,,,,,,,
,30e3c903-eb5a-42bb-9a01-8c5223415ae0,,,,,,,,,,,,,,,,,,,,
,208afbe1-7830-4409-9c74-1f05171ebe01,,,,,,,,,,,,,,,,,,,,
,5ba6b88f-3a26-4a9f-8318-7bd814b0f005,,,,,,,,,,,,,,,,,,,,
,5ba6b88f-3a26-4a9f-8318-7bd814b0f005,,,,,,,,,,,,,,,,,,,,
,3478946e-a143-457a-8ff4-446b731e17e9,,,,,,,,,,,,,,,,,,,,
,8b17683b-a30f-4ecc-ad72-69fee9567bf0,,,,,,,,,,,,,,,,,,,,
,30e3c903-eb5a-42bb-9a01-8c5223415ae0,,,,,,,,,,,,,,,,,,,,
,3506256d-ae6f-4147-a2fb-a4a76ebac109,,,,,,,,,,,,,,,,,,,,
,96f6ef88-5285-4ec6-8fe4-f2ab0347be00,,,,,,,,,,,,,,,,,,,,
,aa802331-6011-429e-8f20-3a8f8bf3392c,,,,,,,,,,,,,,,,,,,,
,3478946e-a143-457a-8ff4-446b731e17e9,,,,,,,,,,,,,,,,,,,,
,72ce0bc0-276e-4cde-bfb9-cdabc5ed953e,,,,,,,,,,,,,,,,,,,,
,72ce0bc0-276e-4cde-bfb9-cdabc5ed953e,,,,,,,,,,,,,,,,,,,,
,481edee0-90b3-4a78-8746-1b6e1c9e37de,,,,,,,,,,,,,,,,,,,,
,481edee0-90b3-4a78-8746-1b6e1c9e37de,,,,,,,,,,,,,,,,,,,,
,481edee0-90b3-4a78-8746-1b6e1c9e37de,,,,,,,,,,,,,,,,,,,,
,30e3c903-eb5a-42bb-9a01-8c5223415ae0,,,,,,,,,,,,,,,,,,,,
,05ddaaf0-1dde-4d84-a722-f82c8479a8e9,,,,,,,,,,,,,,,,,,,,
,3478946e-a143-457a-8ff4-446b731e17e9,,,,,,,,,,,,,,,,,,,,
,96f6ef88-5285-4ec6-8fe4-f2ab0347be00,,,,,,,,,,,,,,,,,,,,
,aa802331-6011-429e-8f20-3a8f8bf3392c,,,,,,,,,,,,,,,,,,,,